run_id,source,query_value,query_type,match_rank,match_count,matched_by,detail_url,recptno,umin_id,title_brief,title_acronym,scientific_title,scientific_title_acronym,region,condition,classification_by_specialty,classification_by_malignancy,genomic_information,narrative_objectives,basic_objectives,basic_objectives_other,trial_characteristics_1,trial_characteristics_2,developmental_phase,primary_outcomes,key_secondary_outcomes,study_type,basic_design,randomization,randomization_unit,blinding,control,stratification,dynamic_allocation,institution_consideration,blocking,concealment,number_of_arms,purpose_of_intervention,type_of_intervention,interventions_control_1,interventions_control_2,interventions_control_3,interventions_control_4,interventions_control_5,interventions_control_6,interventions_control_7,interventions_control_8,interventions_control_9,interventions_control_10,age_lower_limit,age_upper_limit,gender,key_inclusion_criteria,key_exclusion_criteria,target_sample_size,lead_principal_investigator_name,lead_principal_investigator_organization,lead_principal_investigator_division,lead_principal_investigator_zip_code,lead_principal_investigator_address,lead_principal_investigator_tel,lead_principal_investigator_email,public_contact_name,public_contact_organization,public_contact_division,public_contact_zip_code,public_contact_address,public_contact_tel,public_contact_homepage_url,public_contact_email,sponsor_institute,sponsor_department,sponsor_personal_name,funding_organization,funding_division,funding_category,funding_nationality,co_sponsor,secondary_funders,secondary_ids,study_id_1,study_id_2,institutions,date_of_disclosure,url_releasing_protocol,publication_of_results,url_results_publications,enrolled_participants,results,recruitment_status,date_of_protocol_fixation,date_of_irb,anticipated_trial_start_date,last_follow_up_date,registered_date,last_modified_on,meta_unique_id_issued_by_umin,meta_receipt_number,meta_scientific_title,meta_date_of_disclosure_of_the_study_information,meta_last_modified_on,extra_irb_contact_for_public_release_organization,extra_irb_contact_for_public_release_address,extra_irb_contact_for_public_release_tel,extra_irb_contact_for_public_release_email,extra_secondary_ids_org_issuing_international_id_1,extra_secondary_ids_org_issuing_international_id_2,extra_secondary_ids_ind_to_mhlw,extra_result_results_date_posted,extra_result_results_delayed,extra_result_results_delay_reason,extra_result_date_of_the_first_journal_publication_of_results,extra_result_baseline_characteristics,extra_result_participant_flow,extra_result_adverse_events,extra_result_outcome_measures,extra_result_plan_to_share_ipd,extra_result_ipd_sharing_plan_description,extra_progress_date_of_closure_to_data_entry,extra_progress_date_trial_data_considered_complete,extra_progress_date_analysis_concluded,extra_other_other_related_information,extra_management_information_link_to_view_the_page
11_sadahiro_2014_umin000003435,umin_ctr,UMIN000003435,umin_id,1,1,umin_id,https://center6.umin.ac.jp/cgi-open-bin/ctr_e/ctr_view.cgi?recptno=R000004159,R000004159,UMIN000003435,Influence of bifidobacterium on surgical site infection and enterobacterial flora in colorectal cancer surgery,Influence of bifidobacterium on surgical site infection and enterobacterial flora in colorectal cancer surgery,Influence of bifidobacterium on surgical site infection and enterobacterial flora in colorectal cancer surgery,Influence of bifidobacterium on surgical site infection and enterobacterial flora in colorectal cancer surgery,Japan,colorectal cancer,Gastrointestinal surgery,Malignancy,NO,To clarify the effects of oral antibiotoic and bifidobacterium on surgical site infection and enterobacterial flora as preoperative preparation,"Safety,Efficacy",,Confirmatory,Pragmatic,,"surgical site infection
changes of enterobacterial flora",incidence of Clostridium difficile colitis,Interventional,Parallel,Randomized,Individual,Open -no one is blinded,Active,NO,YES,Institution is not considered as adjustment factor.,NO,Central registration,3,Treatment,Medicine: Food,"polyethylene glycol-electrolyte sodium
(2 L)","polyethylene glycol-electrolyte sodium
(2 L)
oral antibiothics ()Kanamycin, metronidazol)","polyethylene glycol-electrolyte sodium
(2 L)
oral Bifidobacterium",,,,,,,,20 | years-old | <=,80 | years-old | >=,Male and Female,patients who underwent elective colorecal cancer surgery,"emergency surgery
patients with acute inflammation",300,"1st name
Middle name
Last name: Sotaro Sadahiro",Tokai University,Department of Gastrointestinal Surgery,,"143 Shimokasuya Isehara, Kanagawa, 259-1193, Japan",0463-93-1121,,"1st name
Middle name
Last name: Sotaro Sadahiro",Tokai University,Department of Gastrointestinal Surgery,,"143 Shimokasuya Isehara, Kanagawa, 259-1193, Japan",0463-93-1121,,sadahiro@is.icc.u-tokai.ac.jp,"Tokai University, Department of Gastrointestinal Surgery
",,,"none
",,Self funding,,,,NO,,,,2010 | Year | 04 | Month | 02 | Day,,Unpublished,,,,Completed,2007 | Year | 12 | Month | 12 | Day,,2008 | Year | 04 | Month | 01 | Day,2012 | Year | 08 | Month | 01 | Day,2010 | Year | 04 | Month | 02 | Day,2012 | Year | 08 | Month | 09 | Day,UMIN000003435,R000004159,Influence of bifidobacterium on surgical site infection and enterobacterial flora in colorectal cancer surgery,2010/04/02,2012/08/09 12:28:44,,,,,,,,,,,,,,,,,,2012 | Year | 08 | Month | 01 | Day,2012 | Year | 08 | Month | 01 | Day,2012 | Year | 08 | Month | 01 | Day,,"Value
https://center6.umin.ac.jp/cgi-open-bin/ctr_e/ctr_view.cgi?recptno=R000004159"
