source_url,recptno,fetched_at_utc,meta.unique_id_issued_by_umin,meta.receipt_number,meta.scientific_title,meta.date_of_disclosure_of_the_study_information,meta.last_modified_on,basic_information.public_title,basic_information.acronym,basic_information.scientific_title,basic_information.scientific_title_acronym,basic_information.region,condition.condition,condition.classification_by_specialty,condition.classification_by_malignancy,condition.genomic_information,objectives.narrative_objectives1,objectives.basic_objectives2,objectives.basic_objectives_others,objectives.trial_characteristics_1,objectives.trial_characteristics_2,objectives.developmental_phase,assessment.primary_outcomes,assessment.key_secondary_outcomes,base.study_type,study_design.basic_design,study_design.randomization,study_design.randomization_unit,study_design.blinding,study_design.control,study_design.stratification,study_design.dynamic_allocation,study_design.institution_consideration,study_design.blocking,study_design.concealment,intervention.no_of_arms,intervention.purpose_of_intervention,intervention.type_of_intervention,intervention.interventions_control_1,intervention.interventions_control_2,intervention.interventions_control_3,intervention.interventions_control_4,intervention.interventions_control_5,intervention.interventions_control_6,intervention.interventions_control_7,intervention.interventions_control_8,intervention.interventions_control_9,intervention.interventions_control_10,eligibility.age_lower_limit,eligibility.age_upper_limit,eligibility.gender,eligibility.key_inclusion_criteria,eligibility.key_exclusion_criteria,eligibility.target_sample_size,research_contact_person.name_of_lead_principal_investigator,research_contact_person.organization,research_contact_person.division_name,research_contact_person.zip_code,research_contact_person.address,research_contact_person.tel,research_contact_person.email,public_contact.name_of_contact_person,public_contact.organization,public_contact.division_name,public_contact.zip_code,public_contact.address,public_contact.tel,public_contact.homepage_url,public_contact.email,sponsor_or_person.institute,sponsor_or_person.institute_2,sponsor_or_person.department,sponsor_or_person.personal_name,funding_source.organization,funding_source.organization_2,funding_source.division,funding_source.category_of_funding_organization,funding_source.nationality_of_funding_organization,other_related_organizations.co_sponsor,other_related_organizations.name_of_secondary_funder_s,irb_contact_for_public_release.organization,irb_contact_for_public_release.address,irb_contact_for_public_release.tel,irb_contact_for_public_release.email,secondary_ids.secondary_ids,secondary_ids.study_id_1,secondary_ids.org_issuing_international_id_1,secondary_ids.study_id_2,secondary_ids.org_issuing_international_id_2,secondary_ids.ind_to_mhlw,institutions.institutions,other_administrative_information.date_of_disclosure_of_the_study_information,related_information.url_releasing_protocol,related_information.publication_of_results,result.url_related_to_results_and_publications,result.number_of_participants_that_the_trial_has_enrolled,result.results,result.results_date_posted,result.results_delayed,result.results_delay_reason,result.date_of_the_first_journal_publication_of_results,result.baseline_characteristics,result.participant_flow,result.adverse_events,result.outcome_measures,result.plan_to_share_ipd,result.ipd_sharing_plan_description,progress.recruitment_status,progress.date_of_protocol_fixation,progress.date_of_irb,progress.anticipated_trial_start_date,progress.last_follow_up_date,progress.date_of_closure_to_data_entry,progress.date_trial_data_considered_complete,progress.date_analysis_concluded,other.other_related_information,management_information.registered_date,management_information.last_modified_on,management_information.link_to_view_the_page
https://center6.umin.ac.jp/cgi-open-bin/ctr_e/ctr_view.cgi?recptno=R000022360,R000022360,2026-06-11T08:25:26.045874+00:00,UMIN000019339,R000022360,Randomized controlled trial about the impact of oral antimicrobial prophylaxis on surgical site infection in laparoscopic colorectal surgery,2015/10/14,2015/12/26 10:40:23,Randomized controlled trial about the impact of oral antimicrobial prophylaxis on surgical site infection in laparoscopic colorectal surgery,RCT of oral antimicrobial prophylaxis in laparoscopic colorectal surgery,Randomized controlled trial about the impact of oral antimicrobial prophylaxis on surgical site infection in laparoscopic colorectal surgery,RCT of oral antimicrobial prophylaxis in laparoscopic colorectal surgery,Japan,Patients undergoing elective laparoscopic colorectal surgery,Gastrointestinal surgery,Malignancy,NO,The aim of this prospective randomized controlled trial was to compare the efficacy of a combination of oral and intravenous antibiotics with intravenous antibiotics alone on the incidence of surgical site infection in patients undergoing elective laparoscopic colorectal surgery.,Bio-equivalence,,Confirmatory,,Phase III,The primary endpoint is the incidence of overall surgical site infection.,"The secondary endpoints are the incidence of incisional site infections, organ/space infections, and enterocolitis.",Interventional,Parallel,Randomized,Individual,Open -no one is blinded,Active,YES,,Institution is not considered as adjustment factor.,,,2,Treatment,Medicine,"Patients assigned to the non-Oral group received 1 g of cefmetazole intravenously 30 min before the skin incision, then every 3 h during and immediately after the operation, stopping 24 h after completion of surgery.",Patients assigned to the Oral group received 750 mg of metronidazole and 1000 mg of kanamycin orally at 15:00 and 21:00 on the day before the surgery in addition to the same antibiotic regimen as the patients in the non-Oral group.,,,,,,,,,20 | years-old | <=,Not applicable,Male and Female,"Patients undergoing elective laparoscopic colorectal surgery
Patients who inderstand the study and agre with written informed consent.","1)ileus
2)synchronous resection of other major organs
3)Patients who need antibiotics for other infectious diseases.
4)Patients who have undergone antibiotic administration 2 weeks before the surgery.
5)Patients with severe liver dysfunction
6)Patients with severe renal impairment
7)Patients with severe cardiac dysfunction
8)Patients with severe pulmonary dysfunction
9)Pregnancy or suspicion of pregnancy
10)lactating women
11)Patients who are considered unsuitable for the doctor",500,"1st name
Middle name
Last name: Atsushi Ikeda",Cancer Institute Hospital of Japanese Foundation for Cancer Research,Department of Gastroenterological surgery,,"3-8-3, Ariake, Koto-ku, Tokyo,Japan",03-3520-0111,atsushi1120@gmail.com,"1st name
Middle name
Last name: Konishi Tsuyoshi",Cancer Institute Hospital of Japanese Foundation for Cancer Research,Department of Gastroenterological surgery,,"3-8-3, Ariake, Koto-ku, Tokyo,Japan",03-3520-0111,,tsuyoshi.konishi@jfcr.or.jp,"Cancer Institute Hospital of Japanese Foundation for Cancer Research,
Department of Gastroenterological surgery",,,,"Cancer Institute Hospital of Japanese Foundation for Cancer Research,
Department of Gastroenterological surgery",,,Self funding,JAPAN,,,,,,,NO,,,,,,がん研有明病院（東京都）,2015 | Year | 10 | Month | 14 | Day,,Unpublished,,,,,,,,,,,,,,Completed,2013 | Year | 05 | Month | 08 | Day,,2013 | Year | 06 | Month | 07 | Day,,,,,,2015 | Year | 10 | Month | 14 | Day,2015 | Year | 12 | Month | 26 | Day,"Value
https://center6.umin.ac.jp/cgi-open-bin/ctr_e/ctr_view.cgi?recptno=R000022360"
